IP,POOL,WORKER
192.168.1.100,us1.ghash.io,bitquan.1100
192.168.1.101,us1.ghash.io,bitquan.1101
192.168.1.102,us1.ghash.io,bitquan.1102
192.168.1.103,us1.ghash.io,bitquan.1103
192.168.1.104,us1.ghash.io,bitquan.1104
192.168.1.105,us1.ghash.io,bitquan.1105
192.168.1.106,us1.ghash.io,bitquan.1106
192.168.1.107,us1.ghash.io,bitquan.1107
192.168.1.108,us1.ghash.io,bitquan.1108
192.168.1.109,us1.ghash.io,bitquan.1109
192.168.1.110,us1.ghash.io,bitquan.1110
192.168.1.111,us1.ghash.io,bitquan.1111
192.168.1.112,us1.ghash.io,bitquan.1112
192.168.2.100,us1.ghash.io,bitquan.2100
192.168.2.101,us1.ghash.io,bitquan.2101
192.168.2.102,us1.ghash.io,bitquan.2102
192.168.2.103,us1.ghash.io,bitquan.2103
192.168.2.104,us1.ghash.io,bitquan.2104
192.168.2.105,us1.ghash.io,bitquan.2105
192.168.2.106,us1.ghash.io,bitquan.2106
192.168.2.107,us1.ghash.io,bitquan.2107
192.168.2.108,us1.ghash.io,bitquan.2108
192.168.2.109,us1.ghash.io,bitquan.2109
192.168.2.110,us1.ghash.io,bitquan.2110
192.168.2.111,us1.ghash.io,bitquan.2111
192.168.2.112,us1.ghash.io,bitquan.2112
192.168.2.113,us1.ghash.io,bitquan.2113
192.168.2.114,us1.ghash.io,bitquan.2114
192.168.2.115,us1.ghash.io,bitquan.2115
192.168.2.116,us1.ghash.io,bitquan.2116
192.168.2.117,us1.ghash.io,bitquan.2117
192.168.2.118,us1.ghash.io,bitquan.2118
192.168.2.119,us1.ghash.io,bitquan.2119
192.168.2.120,us1.ghash.io,bitquan.2120
192.168.2.121,us1.ghash.io,bitquan.2121
192.168.2.122,us1.ghash.io,bitquan.2122
192.168.2.123,us1.ghash.io,bitquan.2123
192.168.2.124,us1.ghash.io,bitquan.2124
192.168.2.125,us1.ghash.io,bitquan.2125
192.168.2.126,us1.ghash.io,bitquan.2126
192.168.2.127,us1.ghash.io,bitquan.2127
192.168.2.128,us1.ghash.io,bitquan.2128
192.168.2.129,us1.ghash.io,bitquan.2129
192.168.2.130,us1.ghash.io,bitquan.2130
192.168.2.131,us1.ghash.io,bitquan.2131
192.168.2.132,us1.ghash.io,bitquan.2132
192.168.2.133,us1.ghash.io,bitquan.2133
192.168.2.134,us1.ghash.io,bitquan.2134
192.168.2.135,us1.ghash.io,bitquan.2135
192.168.2.136,us1.ghash.io,bitquan.2136
192.168.2.137,us1.ghash.io,bitquan.2137
192.168.2.138,us1.ghash.io,bitquan.2138
192.168.2.139,us1.ghash.io,bitquan.2139
192.168.2.140,us1.ghash.io,bitquan.2140
192.168.2.141,us1.ghash.io,bitquan.2141
192.168.2.142,us1.ghash.io,bitquan.2142
192.168.2.143,us1.ghash.io,bitquan.2143
192.168.2.144,us1.ghash.io,bitquan.2144
192.168.2.145,us1.ghash.io,bitquan.2145
192.168.2.146,us1.ghash.io,bitquan.2146
192.168.2.147,us1.ghash.io,bitquan.2147
192.168.2.148,us1.ghash.io,bitquan.2148
192.168.2.149,us1.ghash.io,bitquan.2149
192.168.2.150,us1.ghash.io,bitquan.2150
192.168.2.151,us1.ghash.io,bitquan.2151
192.168.2.152,us1.ghash.io,bitquan.2152
192.168.2.153,us1.ghash.io,bitquan.2153
192.168.2.154,us1.ghash.io,bitquan.2154
192.168.2.155,us1.ghash.io,bitquan.2155
192.168.2.156,us1.ghash.io,bitquan.2156
192.168.2.157,us1.ghash.io,bitquan.2157
192.168.2.158,us1.ghash.io,bitquan.2158
192.168.2.159,us1.ghash.io,bitquan.2159
192.168.2.160,us1.ghash.io,bitquan.2160
192.168.2.161,us1.ghash.io,bitquan.2161
192.168.2.162,us1.ghash.io,bitquan.2162
192.168.2.163,us1.ghash.io,bitquan.2163
192.168.2.164,us1.ghash.io,bitquan.2164
192.168.2.165,us1.ghash.io,bitquan.2165
192.168.2.166,us1.ghash.io,bitquan.2166
192.168.2.167,us1.ghash.io,bitquan.2167
192.168.2.168,us1.ghash.io,bitquan.2168
192.168.2.169,us1.ghash.io,bitquan.2169
192.168.2.170,us1.ghash.io,bitquan.2170
192.168.2.171,us1.ghash.io,bitquan.2171
192.168.2.172,us1.ghash.io,bitquan.2172
192.168.2.173,us1.ghash.io,bitquan.2173
192.168.2.174,us1.ghash.io,bitquan.2174
192.168.2.175,us1.ghash.io,bitquan.2175
192.168.2.176,us1.ghash.io,bitquan.2176
192.168.2.177,us1.ghash.io,bitquan.2177
192.168.2.178,us1.ghash.io,bitquan.2178
192.168.2.179,us1.ghash.io,bitquan.2179
192.168.2.180,us1.ghash.io,bitquan.2180
192.168.2.181,us1.ghash.io,bitquan.2181
192.168.2.182,us1.ghash.io,bitquan.2182
192.168.2.183,us1.ghash.io,bitquan.2183
192.168.2.184,us1.ghash.io,bitquan.2184
